First Name,Middle Name,Last Name,Address,Zip Code,City,County,State,Country,Role,Username,Phone Number,Email,Full Name
John,A,Smith,123 Oak St,12345,Springfield,Greene,MO,USA,Admin,jsmith,555-111-2233,[email protected],"John A. Smith"
Jane,B,Doe,456 Pine Rd,67890,Greenville,Washington,CA,USA,Manager,jdoe,555-222-3344,[email protected],"Jane B. Doe"
Robert,C,Johnson,789 Maple Ave,54321,Brookfield,King,WA,USA,Editor,rjohnson,555-333-4455,[email protected],"Robert C. Johnson"
Emily,D,Brown,101 First St,11223,Bristol,Sullivan,TN,USA,Staff,ebrown,555-444-5566,[email protected],"Emily D. Brown"
Michael,E,Davis,202 Second Ave,33445,Frankfort,Franklin,KY,USA,Admin,mdavis,555-555-6677,[email protected],"Michael E. Davis"
Sarah,F,Miller,303 Third Blvd,44556,Canton,Stark,OH,USA,Editor,smiller,555-666-7788,[email protected],"Sarah F. Miller"
David,G,Wilson,404 Fourth Ln,55667,Bellevue,King,WA,USA,Staff,dwilson,555-777-8899,[email protected],"David G. Wilson"
Laura,H,Taylor,505 Fifth Pkwy,66778,Carmel,Hamilton,IN,USA,Manager,ltaylor,555-888-9900,[email protected],"Laura H. Taylor"
James,I,Anderson,606 Sixth St,77889,Albany,Albany,NY,USA,Admin,janderson,555-999-0011,[email protected],"James I. Anderson"
Lisa,J,Thomas,707 Seventh Cir,88990,Redwood City,San Mateo,CA,USA,Staff,lthomas,555-000-1122,[email protected],"Lisa J. Thomas"
Daniel,K,Martinez,808 Eighth Pl,99001,Portland,Multnomah,OR,USA,Editor,dmartinez,555-111-2233,[email protected],"Daniel K. Martinez"
Olivia,L,Roberts,909 Ninth Dr,11011,Madison,Dane,WI,USA,Manager,oroberts,555-222-3344,[email protected],"Olivia L. Roberts"
Christopher,M,Lee,100 Tenth Ave,22021,Orlando,Orange,FL,USA,Admin,clee,555-333-4455,[email protected],"Christopher M. Lee"
Patricia,N,Harris,111 Eleventh St,33031,Houston,Harris,TX,USA,Staff,pharris,555-444-5566,[email protected],"Patricia N. Harris"
Kevin,O,Clark,122 Twelfth Rd,44041,Nashville,Davidson,TN,USA,Editor,kclark,555-555-6677,[email protected],"Kevin O. Clark"
Mary,P,Lewis,133 Thirteenth Ln,55051,Denver,Denver,CO,USA,Manager,mlewis,555-666-7788,[email protected],"Mary P. Lewis"
Joshua,Q,Robinson,144 Fourteenth Blvd,66061,Seattle,King,WA,USA,Staff,jrobinson,555-777-8899,[email protected],"Joshua Q. Robinson"
Ashley,R,Walker,155 Fifteenth Cir,77071,Atlanta,Fulton,GA,USA,Editor,awalker,555-888-9900,[email protected],"Ashley R. Walker"
Andrew,S,Hall,166 Sixteenth Ave,88081,Los Angeles,Los Angeles,CA,USA,Admin,ahall,555-999-0011,[email protected],"Andrew S. Hall"
Sophia,T,Young,177 Seventeenth Way,99092,Austin,Travis,TX,USA,Manager,syoung,555-000-1122,[email protected],"Sophia T. Young"
